1index	scene	spawn	music	title	fadein	fadeout
0x0000	0	0	stop	off	1	1
0x0001	0	0	stop	off	1	1
0x0002	0	0	stop	off	1	1
0x0003	0	0	stop	off	1	1
0x0004	0	0	stop	off	1	1
0x0005	37	0	stop	off	2	2
0x0006	37	0	stop	off	2	2
0x0007	37	0	stop	off	2	2
0x0008	37	0	stop	off	2	2
0x0009	37	0	stop	off	2	2
0x000A	37	0	stop	off	2	2
0x000B	37	0	stop	off	2	2
0x000C	37	0	stop	off	2	2
0x000D	0	0	stop	off	2	2
0x000E	0	0	stop	off	2	2
0x000F	0	0	stop	off	2	2
0x0010	40	0	stop	off	2	2
0x0011	40	0	stop	off	2	2
0x0012	40	0	stop	off	2	2
0x0013	40	0	stop	off	2	2
0x0014	40	0	stop	off	2	2
0x0015	40	0	stop	off	2	2
0x0016	0	0	stop	off	2	2
0x0017	0	0	stop	off	2	2
0x0018	0	0	stop	off	2	2
0x0019	0	0	stop	off	2	2
0x001A	0	0	stop	off	2	2
0x001B	0	0	stop	off	2	2
0x001C	0	0	stop	off	2	2
0x001D	3A	0	stop	off	7	7
0x001E	3A	0	stop	off	7	7
0x001F	3A	0	stop	off	7	7
0x0020	3A	0	stop	off	7	7
0x0021	3A	0	stop	off	7	7
0x0022	0	0	stop	off	0	0
0x0023	0	0	stop	off	0	0
0x0024	0	0	stop	off	0	0
0x0025	26	0	stop	off	2	2
0x0026	26	0	stop	off	2	2
0x0027	26	0	stop	off	2	2
0x0028	26	0	stop	off	2	2
0x0029	26	0	stop	off	2	2
0x002A	26	0	stop	off	2	2
0x002B	0	0	stop	off	1	1
0x002C	0	0	stop	off	1	1
0x002D	0	0	stop	off	1	1
0x002E	0	0	stop	off	1	1
0x002F	0	0	stop	off	1	1
0x0030	27	0	stop	off	2	2
0x0031	27	0	stop	off	2	2
0x0032	27	0	stop	off	2	2
0x0033	27	0	stop	off	2	2
0x0034	27	0	stop	off	2	2
0x0035	27	0	stop	off	2	2
0x0036	0	0	stop	off	1	1
0x0037	0	0	stop	off	1	1
0x0038	0	0	stop	off	1	1
0x0039	0	0	stop	off	1	1
0x003A	0	0	stop	off	1	1
0x003B	0	0	stop	off	1	1
0x003C	0	0	stop	off	1	1
0x003D	0	0	stop	off	1	1
0x003E	0	0	stop	off	1	1
0x003F	0	0	stop	off	1	1
0x0040	35	0	stop	off	2	2
0x0041	35	0	stop	off	2	2
0x0042	35	0	stop	off	2	2
0x0043	35	0	stop	off	2	2
0x0044	35	0	stop	off	2	2
0x0045	35	0	stop	off	2	2
0x0046	0	0	stop	off	1	1
0x0047	0	0	stop	off	1	1
0x0048	0	0	stop	off	1	1
0x0049	0	0	stop	off	1	1
0x004A	0	0	stop	off	1	1
0x004B	0	0	stop	off	1	1
0x004C	0	0	stop	off	1	1
0x004D	0	0	stop	off	1	1
0x004E	0	0	stop	off	1	1
0x004F	0	0	stop	off	1	1
0x0050	38	0	stop	off	2	2
0x0051	38	0	stop	off	2	2
0x0052	38	0	stop	off	2	2
0x0053	38	0	stop	off	2	2
0x0054	38	0	stop	off	2	2
0x0055	0	0	stop	off	1	1
0x0056	0	0	stop	off	1	1
0x0057	0	0	stop	off	1	1
0x0058	0	0	stop	off	1	1
0x0059	0	0	stop	off	1	1
0x005A	0	0	stop	off	1	1
0x005B	0	0	stop	off	1	1
0x005C	0	0	stop	off	1	1
0x005D	0	0	stop	off	1	1
0x005E	0	0	stop	off	1	1
0x005F	0	0	stop	off	1	1
0x0060	38	0	stop	off	7	7
0x0061	38	0	stop	off	7	7
0x0062	38	0	stop	off	7	7
0x0063	38	0	stop	off	7	7
0x0064	38	0	stop	off	7	7
0x0065	0	0	stop	off	1	1
0x0066	0	0	stop	off	1	1
0x0067	0	0	stop	off	1	1
0x0068	0	0	stop	off	1	1
0x0069	0	0	stop	off	1	1
0x006A	0	0	stop	off	1	1
0x006B	0	0	stop	off	1	1
0x006C	0	0	stop	off	1	1
0x006D	0	0	stop	off	1	1
0x006E	0	0	stop	off	1	1
0x006F	0	0	stop	off	1	1
0x0070	62	0	stop	off	2	2
0x0071	62	0	stop	off	2	2
0x0072	62	0	stop	off	2	2
0x0073	62	0	stop	off	2	2
0x0074	62	0	stop	off	2	2
0x0075	0	0	stop	off	1	1
0x0076	0	0	stop	off	1	1
0x0077	0	0	stop	off	1	1
0x0078	0	0	stop	off	1	1
0x0079	0	0	stop	off	1	1
0x007A	0	0	stop	off	1	1
0x007B	0	0	stop	off	1	1
0x007C	0	0	stop	off	1	1
0x007D	0	0	stop	off	1	1
0x007E	0	0	stop	off	1	1
0x007F	0	0	stop	off	1	1
0x0080	29	0	stop	off	2	2
0x0081	29	0	stop	off	2	2
0x0082	29	0	stop	off	2	2
0x0083	29	0	stop	off	2	2
0x0084	29	0	stop	off	2	2
0x0085	29	0	stop	off	2	2
0x0086	0	0	stop	off	1	1
0x0087	0	0	stop	off	1	1
0x0088	0	0	stop	off	1	1
0x0089	0	0	stop	off	1	1
0x008A	0	0	stop	off	1	1
0x008B	0	0	stop	off	1	1
0x008C	30	0	stop	off	2	2
0x008D	30	0	stop	off	2	2
0x008E	30	0	stop	off	2	2
0x008F	30	0	stop	off	2	2
0x0090	30	0	stop	off	2	2
0x0091	30	0	stop	off	2	2
0x0092	0	0	stop	off	1	1
0x0093	0	0	stop	off	1	1
0x0094	0	0	stop	off	1	1
0x0095	0	0	stop	off	1	1
0x0096	31	0	stop	off	2	2
0x0097	31	0	stop	off	2	2
0x0098	31	0	stop	off	2	2
0x0099	31	0	stop	off	2	2
0x009A	31	0	stop	off	2	2
0x009B	0	0	stop	off	1	1
0x009C	0	0	stop	off	1	1
0x009D	0	0	stop	off	1	1
0x009E	0	0	stop	off	1	1
0x009F	0	0	stop	off	1	1
0x00A0	3B	0	stop	off	2	2
0x00A1	3B	0	stop	off	2	2
0x00A2	3B	0	stop	off	2	2
0x00A3	3B	0	stop	off	2	2
0x00A4	3B	0	stop	off	2	2
0x00A5	3B	0	stop	off	2	2
0x00A6	0	0	stop	off	1	1
0x00A7	0	0	stop	off	1	1
0x00A8	0	0	stop	off	1	1
0x00A9	0	0	stop	off	1	1
0x00AA	0	0	stop	off	1	1
0x00AB	0	0	stop	off	1	1
0x00AC	0	0	stop	off	1	1
0x00AD	0	0	stop	off	1	1
0x00AE	0	0	stop	off	1	1
0x00AF	0	0	stop	off	1	1
0x00B0	3C	0	stop	off	2	2
0x00B1	3C	0	stop	off	2	2
0x00B2	3C	0	stop	off	2	2
0x00B3	3C	0	stop	off	2	2
0x00B4	3C	0	stop	off	2	2
0x00B5	3C	0	stop	off	2	2
0x00B6	0	0	stop	off	1	1
0x00B7	0	0	stop	off	1	1
0x00B8	0	0	stop	off	1	1
0x00B9	0	0	stop	off	1	1
0x00BA	0	0	stop	off	1	1
0x00BB	0	0	stop	off	1	1
0x00BC	0	0	stop	off	1	1
0x00BD	0	0	stop	off	1	1
0x00BE	0	0	stop	off	1	1
0x00BF	0	0	stop	off	1	1
0x00C0	0	0	stop	off	1	1
0x00C1	0	0	stop	off	1	1
0x00C2	0	0	stop	off	1	1
0x00C3	0	0	stop	off	1	1
0x00C4	0	0	stop	off	1	1
0x00C5	0	0	stop	off	1	1
0x00C6	0	0	stop	off	1	1
0x00C7	0	0	stop	off	1	1
0x00C8	0	0	stop	off	1	1
0x00C9	0	0	stop	off	1	1
0x00CA	0	0	stop	off	1	1
0x00CB	0	0	stop	off	1	1
0x00CC	0	0	stop	off	1	1
0x00CD	36	0	stop	off	2	2
0x00CE	36	0	stop	off	2	2
0x00CF	36	0	stop	off	2	2
0x00D0	36	0	stop	off	2	2
0x00D1	36	0	stop	off	2	2
0x00D2	36	0	stop	off	2	2
0x00D3	36	0	stop	off	2	2
0x00D4	36	0	stop	off	2	2
0x00D5	36	0	stop	off	2	2
0x00D6	36	0	stop	off	2	2
0x00D7	36	0	stop	off	2	2
0x00D8	36	0	stop	off	2	2
0x00D9	36	0	stop	off	2	2
0x00DA	36	0	stop	off	2	2
0x00DB	0	0	stop	off	1	1
0x00DC	0	0	stop	off	1	1
0x00DD	0	0	stop	off	1	1
0x00DE	0	0	stop	off	1	1
0x00DF	0	0	stop	off	1	1
0x00E0	25	0	stop	off	1	1
0x00E1	25	0	stop	off	1	1
0x00E2	25	0	stop	off	1	1
0x00E3	25	0	stop	off	1	1
0x00E4	25	0	stop	off	1	1
0x00E5	25	0	stop	off	1	1
0x00E6	0	0	stop	off	1	1
0x00E7	0	0	stop	off	1	1
0x00E8	0	0	stop	off	1	1
0x00E9	0	0	stop	off	1	1
0x00EA	0	0	stop	off	1	1
0x00EB	0	0	stop	off	1	1
0x00EC	0	0	stop	off	1	1
0x00ED	0	0	stop	off	1	1
0x00EE	0	0	stop	off	1	1
0x00EF	0	0	stop	off	1	1
0x00F0	0	0	stop	off	1	1
0x00F1	0	0	stop	off	1	1
0x00F2	0	0	stop	off	1	1
0x00F3	0	0	stop	off	1	1
0x00F4	0	0	stop	off	1	1
0x00F5	0	0	stop	off	1	1
0x00F6	0	0	stop	off	1	1
0x00F7	0	0	stop	off	1	1
0x00F8	0	0	stop	off	1	1
0x00F9	0	0	stop	off	1	1
0x00FA	0	0	stop	off	1	1
0x00FB	0	0	stop	off	1	1
0x00FC	0	0	stop	off	1	1
0x00FD	0	0	stop	off	1	1
0x00FE	0	0	stop	off	1	1
0x00FF	0	0	stop	off	1	1
0x0100	0	0	stop	off	1	1
0x0101	0	0	stop	off	1	1
0x0102	0	0	stop	off	1	1
0x0103	0	0	stop	off	1	1
0x0104	0	0	stop	off	1	1
0x0105	0	0	stop	off	1	1
0x0106	0	0	stop	off	1	1
0x0107	0	0	stop	off	1	1
0x0108	0	0	stop	off	1	1
0x0109	0	0	stop	off	1	1
0x010A	0	0	stop	off	1	1
0x010B	0	0	stop	off	1	1
0x010C	0	0	stop	off	1	1
0x010D	0	0	stop	off	1	1
0x010E	0	0	stop	off	1	1
0x010F	0	0	stop	off	1	1
0x0110	0	0	stop	off	1	1
0x0111	0	0	stop	off	1	1
0x0112	0	0	stop	off	1	1
0x0113	0	0	stop	off	1	1
0x0114	0	0	stop	off	1	1
0x0115	0	0	stop	off	1	1
0x0116	0	0	stop	off	1	1
0x0117	0	0	stop	off	1	1
0x0118	0	0	stop	off	1	1
0x0119	0	0	stop	off	1	1
0x011A	0	0	stop	off	1	1
0x011B	0	0	stop	off	1	1
0x011C	0	0	stop	off	1	1
0x011D	0	0	stop	off	1	1
0x011E	0	0	stop	off	1	1
0x011F	0	0	stop	off	1	1
0x0120	0	0	stop	off	1	1
0x0121	0	0	stop	off	1	1
0x0122	0	0	stop	off	1	1
0x0123	0	0	stop	off	1	1
0x0124	0	0	stop	off	1	1
0x0125	0	0	stop	off	1	1
0x0126	0	0	stop	off	1	1
0x0127	0	0	stop	off	1	1
0x0128	0	0	stop	off	1	1
0x0129	0	0	stop	off	1	1
0x012A	0	0	stop	off	1	1
0x012B	0	0	stop	off	1	1
0x012C	0	0	stop	off	1	1
0x012D	0	0	stop	off	1	1
0x012E	0	0	stop	off	1	1
0x012F	0	0	stop	off	1	1
0x0130	0	0	stop	off	1	1
0x0131	0	0	stop	off	1	1
0x0132	0	0	stop	off	1	1
0x0133	0	0	stop	off	1	1
0x0134	0	0	stop	off	1	1
0x0135	0	0	stop	off	1	1
0x0136	0	0	stop	off	1	1
0x0137	0	0	stop	off	1	1
0x0138	0	0	stop	off	1	1
0x0139	0	0	stop	off	1	1
0x013A	0	0	stop	off	1	1
0x013B	0	0	stop	off	1	1
0x013C	0	0	stop	off	1	1
0x013D	0	0	stop	off	1	1
0x013E	0	0	stop	off	1	1
0x013F	0	0	stop	off	1	1
0x0140	0	0	stop	off	1	1
0x0141	0	0	stop	off	1	1
0x0142	0	0	stop	off	1	1
0x0143	0	0	stop	off	1	1
0x0144	0	0	stop	off	1	1
0x0145	0	0	stop	off	1	1
0x0146	0	0	stop	off	1	1
0x0147	0	0	stop	off	1	1
0x0148	0	0	stop	off	1	1
0x0149	0	0	stop	off	1	1
0x014A	0	0	stop	off	1	1
0x014B	0	0	stop	off	1	1
0x014C	0	0	stop	off	1	1
0x014D	0	0	stop	off	1	1
0x014E	0	0	stop	off	1	1
0x014F	0	0	stop	off	1	1
0x0150	0	0	stop	off	1	1
0x0151	0	0	stop	off	1	1
0x0152	0	0	stop	off	1	1
0x0153	0	0	stop	off	1	1
0x0154	0	0	stop	off	1	1
0x0155	0	0	stop	off	1	1
0x0156	0	0	stop	off	1	1
0x0157	0	0	stop	off	1	1
0x0158	0	0	stop	off	1	1
0x0159	0	0	stop	off	1	1
0x015A	0	0	stop	off	1	1
0x015B	0	0	stop	off	1	1
0x015C	0	0	stop	off	1	1
0x015D	0	0	stop	off	1	1
0x015E	0	0	stop	off	1	1
0x015F	0	0	stop	off	1	1
0x0160	0	0	stop	off	1	1
0x0161	0	0	stop	off	1	1
0x0162	0	0	stop	off	1	1
0x0163	0	0	stop	off	1	1
0x0164	0	0	stop	off	1	1
0x0165	0	0	stop	off	1	1
0x0166	0	0	stop	off	1	1
0x0167	0	0	stop	off	1	1
0x0168	0	0	stop	off	1	1
0x0169	0	0	stop	off	1	1
0x016A	0	0	stop	off	1	1
0x016B	0	0	stop	off	1	1
0x016C	0	0	stop	off	1	1
0x016D	0	0	stop	off	1	1
0x016E	0	0	stop	off	1	1
0x016F	0	0	stop	off	1	1
0x0170	0	0	stop	off	1	1
0x0171	0	0	stop	off	1	1
0x0172	0	0	stop	off	1	1
0x0173	0	0	stop	off	1	1
0x0174	0	0	stop	off	1	1
0x0175	0	0	stop	off	1	1
0x0176	0	0	stop	off	1	1
0x0177	0	0	stop	off	1	1
0x0178	0	0	stop	off	1	1
0x0179	0	0	stop	off	1	1
0x017A	0	0	stop	off	1	1
0x017B	0	0	stop	off	1	1
0x017C	0	0	stop	off	1	1
0x017D	0	0	stop	off	1	1
0x017E	0	0	stop	off	1	1
0x017F	0	0	stop	off	1	1
0x0180	0	0	stop	off	1	1
0x0181	0	0	stop	off	1	1
0x0182	0	0	stop	off	1	1
0x0183	0	0	stop	off	1	1
0x0184	0	0	stop	off	1	1
0x0185	0	0	stop	off	1	1
0x0186	0	0	stop	off	1	1
0x0187	0	0	stop	off	1	1
0x0188	0	0	stop	off	1	1
0x0189	0	0	stop	off	1	1
0x018A	0	0	stop	off	1	1
0x018B	0	0	stop	off	1	1
0x018C	0	0	stop	off	1	1
0x018D	0	0	stop	off	1	1
0x018E	0	0	stop	off	1	1
0x018F	0	0	stop	off	1	1
0x0190	0	0	stop	off	1	1
0x0191	0	0	stop	off	1	1
0x0192	0	0	stop	off	1	1
0x0193	0	0	stop	off	1	1
0x0194	0	0	stop	off	1	1
0x0195	0	0	stop	off	1	1
0x0196	0	0	stop	off	1	1
0x0197	0	0	stop	off	1	1
0x0198	0	0	stop	off	1	1
0x0199	0	0	stop	off	1	1
0x019A	0	0	stop	off	1	1
0x019B	0	0	stop	off	1	1
0x019C	0	0	stop	off	1	1
0x019D	0	0	stop	off	1	1
0x019E	0	0	stop	off	1	1
0x019F	0	0	stop	off	1	1
0x01A0	0	0	stop	off	1	1
0x01A1	0	0	stop	off	1	1
0x01A2	0	0	stop	off	1	1
0x01A3	0	0	stop	off	1	1
0x01A4	0	0	stop	off	1	1
0x01A5	0	0	stop	off	1	1
0x01A6	0	0	stop	off	1	1
0x01A7	0	0	stop	off	1	1
0x01A8	0	0	stop	off	1	1
0x01A9	0	0	stop	off	1	1
0x01AA	0	0	stop	off	1	1
0x01AB	0	0	stop	off	1	1
0x01AC	0	0	stop	off	1	1
0x01AD	0	0	stop	off	1	1
0x01AE	0	0	stop	off	1	1
0x01AF	0	0	stop	off	1	1
0x01B0	0	0	stop	off	1	1
0x01B1	0	0	stop	off	1	1
0x01B2	0	0	stop	off	1	1
0x01B3	0	0	stop	off	1	1
0x01B4	0	0	stop	off	1	1
0x01B5	0	0	stop	off	1	1
0x01B6	0	0	stop	off	1	1
0x01B7	0	0	stop	off	1	1
0x01B8	0	0	stop	off	1	1
0x01B9	0	0	stop	off	1	1
0x01BA	0	0	stop	off	1	1
0x01BB	0	0	stop	off	1	1
0x01BC	0	0	stop	off	1	1
0x01BD	0	0	stop	off	1	1
0x01BE	0	0	stop	off	1	1
0x01BF	0	0	stop	off	1	1
0x01C0	0	0	stop	off	1	1
0x01C1	0	0	stop	off	1	1
0x01C2	0	0	stop	off	1	1
0x01C3	0	0	stop	off	1	1
0x01C4	0	0	stop	off	1	1
0x01C5	0	0	stop	off	1	1
0x01C6	0	0	stop	off	1	1
0x01C7	0	0	stop	off	1	1
0x01C8	0	0	stop	off	1	1
0x01C9	0	0	stop	off	1	1
0x01CA	0	0	stop	off	1	1
0x01CB	0	0	stop	off	1	1
0x01CC	0	0	stop	off	1	1
0x01CD	0	0	stop	off	1	1
0x01CE	0	0	stop	off	1	1
0x01CF	0	0	stop	off	1	1
0x01D0	0	0	stop	off	1	1
0x01D1	0	0	stop	off	1	1
0x01D2	0	0	stop	off	1	1
0x01D3	0	0	stop	off	1	1
0x01D4	0	0	stop	off	1	1
0x01D5	0	0	stop	off	1	1
0x01D6	0	0	stop	off	1	1
0x01D7	0	0	stop	off	1	1
0x01D8	0	0	stop	off	1	1
0x01D9	0	0	stop	off	1	1
0x01DA	0	0	stop	off	1	1
0x01DB	0	0	stop	off	1	1
0x01DC	0	0	stop	off	1	1
0x01DD	0	0	stop	off	1	1
0x01DE	0	0	stop	off	1	1
0x01DF	0	0	stop	off	1	1
0x01E0	0	0	stop	off	1	1
0x01E1	0	0	stop	off	1	1
0x01E2	0	0	stop	off	1	1
0x01E3	0	0	stop	off	1	1
0x01E4	0	0	stop	off	1	1
0x01E5	0	0	stop	off	1	1
0x01E6	0	0	stop	off	1	1
0x01E7	0	0	stop	off	1	1
0x01E8	0	0	stop	off	1	1
0x01E9	0	0	stop	off	1	1
0x01EA	0	0	stop	off	1	1
0x01EB	0	0	stop	off	1	1
0x01EC	0	0	stop	off	1	1
0x01ED	0	0	stop	off	1	1
0x01EE	0	0	stop	off	1	1
0x01EF	0	0	stop	off	1	1
0x01F0	0	0	stop	off	1	1
0x01F1	0	0	stop	off	1	1
0x01F2	0	0	stop	off	1	1
0x01F3	0	0	stop	off	1	1
0x01F4	0	0	stop	off	1	1
0x01F5	0	0	stop	off	1	1
0x01F6	0	0	stop	off	1	1
0x01F7	0	0	stop	off	1	1
0x01F8	0	0	stop	off	1	1
0x01F9	0	0	stop	off	1	1
0x01FA	0	0	stop	off	1	1
0x01FB	0	0	stop	off	1	1
0x01FC	0	0	stop	off	1	1
0x01FD	0	0	stop	off	1	1
0x01FE	0	0	stop	off	1	1
0x01FF	0	0	stop	off	1	1
0x0200	0	0	stop	off	1	1
0x0201	0	0	stop	off	1	1
0x0202	0	0	stop	off	1	1
0x0203	0	0	stop	off	1	1
0x0204	0	0	stop	off	1	1
0x0205	0	0	stop	off	1	1
0x0206	0	0	stop	off	1	1
0x0207	0	0	stop	off	1	1
0x0208	0	0	stop	off	1	1
0x0209	0	0	stop	off	1	1
0x020A	0	0	stop	off	1	1
0x020B	0	0	stop	off	1	1
0x020C	0	0	stop	off	1	1
0x020D	0	0	stop	off	1	1
0x020E	0	0	stop	off	1	1
0x020F	0	0	stop	off	1	1
0x0210	0	0	stop	off	1	1
0x0211	0	0	stop	off	1	1
0x0212	0	0	stop	off	1	1
0x0213	0	0	stop	off	1	1
0x0214	0	0	stop	off	1	1
0x0215	0	0	stop	off	1	1
0x0216	0	0	stop	off	1	1
0x0217	0	0	stop	off	1	1
0x0218	0	0	stop	off	1	1
0x0219	0	0	stop	off	1	1
0x021A	0	0	stop	off	1	1
0x021B	0	0	stop	off	1	1
0x021C	0	0	stop	off	1	1
0x021D	0	0	stop	off	1	1
0x021E	0	0	stop	off	1	1
0x021F	0	0	stop	off	1	1
0x0220	0	0	stop	off	1	1
0x0221	0	0	stop	off	1	1
0x0222	0	0	stop	off	1	1
0x0223	0	0	stop	off	1	1
0x0224	0	0	stop	off	1	1
0x0225	0	0	stop	off	1	1
0x0226	0	0	stop	off	1	1
0x0227	0	0	stop	off	1	1
0x0228	0	0	stop	off	1	1
0x0229	0	0	stop	off	1	1
0x022A	0	0	stop	off	1	1
0x022B	0	0	stop	off	1	1
0x022C	0	0	stop	off	1	1
0x022D	0	0	stop	off	1	1
0x022E	0	0	stop	off	1	1
0x022F	0	0	stop	off	1	1
0x0230	0	0	stop	off	1	1
0x0231	0	0	stop	off	1	1
0x0232	0	0	stop	off	1	1
0x0233	0	0	stop	off	1	1
0x0234	0	0	stop	off	1	1
0x0235	0	0	stop	off	1	1
0x0236	0	0	stop	off	1	1
0x0237	0	0	stop	off	1	1
0x0238	0	0	stop	off	1	1
0x0239	0	0	stop	off	1	1
0x023A	0	0	stop	off	1	1
0x023B	0	0	stop	off	1	1
0x023C	0	0	stop	off	1	1
0x023D	0	0	stop	off	1	1
0x023E	0	0	stop	off	1	1
0x023F	0	0	stop	off	1	1
0x0240	0	0	stop	off	1	1
0x0241	0	0	stop	off	1	1
0x0242	0	0	stop	off	1	1
0x0243	0	0	stop	off	1	1
0x0244	0	0	stop	off	1	1
0x0245	0	0	stop	off	1	1
0x0246	0	0	stop	off	1	1
0x0247	0	0	stop	off	1	1
0x0248	0	0	stop	off	1	1
0x0249	0	0	stop	off	1	1
0x024A	0	0	stop	off	1	1
0x024B	0	0	stop	off	1	1
0x024C	0	0	stop	off	1	1
0x024D	0	0	stop	off	1	1
0x024E	0	0	stop	off	1	1
0x024F	0	0	stop	off	1	1
0x0250	0	0	stop	off	1	1
0x0251	0	0	stop	off	1	1
0x0252	0	0	stop	off	1	1
0x0253	0	0	stop	off	1	1
0x0254	0	0	stop	off	1	1
0x0255	0	0	stop	off	1	1
0x0256	0	0	stop	off	1	1
0x0257	0	0	stop	off	1	1
0x0258	0	0	stop	off	1	1
0x0259	0	0	stop	off	1	1
0x025A	0	0	stop	off	1	1
0x025B	0	0	stop	off	1	1
0x025C	0	0	stop	off	1	1
0x025D	0	0	stop	off	1	1
0x025E	0	0	stop	off	1	1
0x025F	0	0	stop	off	1	1
0x0260	0	0	stop	off	1	1
0x0261	0	0	stop	off	1	1
0x0262	0	0	stop	off	1	1
0x0263	0	0	stop	off	1	1
0x0264	0	0	stop	off	1	1
0x0265	0	0	stop	off	1	1
0x0266	0	0	stop	off	1	1
0x0267	0	0	stop	off	1	1
0x0268	0	0	stop	off	1	1
0x0269	0	0	stop	off	1	1
0x026A	0	0	stop	off	1	1
0x026B	0	0	stop	off	1	1
0x026C	0	0	stop	off	1	1
0x026D	0	0	stop	off	1	1
0x026E	0	0	stop	off	1	1
0x026F	0	0	stop	off	1	1
0x0270	0	0	stop	off	1	1
0x0271	0	0	stop	off	1	1
0x0272	0	0	stop	off	1	1
0x0273	0	0	stop	off	1	1
0x0274	0	0	stop	off	1	1
0x0275	0	0	stop	off	1	1
0x0276	0	0	stop	off	1	1
0x0277	0	0	stop	off	1	1
0x0278	0	0	stop	off	1	1
0x0279	0	0	stop	off	1	1
0x027A	0	0	stop	off	1	1
0x027B	0	0	stop	off	1	1
0x027C	0	0	stop	off	1	1
0x027D	0	0	stop	off	1	1
0x027E	0	0	stop	off	1	1
0x027F	0	0	stop	off	1	1
0x0280	0	0	stop	off	1	1
0x0281	0	0	stop	off	1	1
0x0282	0	0	stop	off	1	1
0x0283	0	0	stop	off	1	1
0x0284	0	0	stop	off	1	1
0x0285	0	0	stop	off	1	1
0x0286	0	0	stop	off	1	1
0x0287	0	0	stop	off	1	1
0x0288	0	0	stop	off	1	1
0x0289	0	0	stop	off	1	1
0x028A	0	0	stop	off	1	1
0x028B	0	0	stop	off	1	1
0x028C	0	0	stop	off	1	1
0x028D	0	0	stop	off	1	1
0x028E	0	0	stop	off	1	1
0x028F	0	0	stop	off	1	1
0x0290	0	0	stop	off	1	1
0x0291	0	0	stop	off	1	1
0x0292	0	0	stop	off	1	1
0x0293	0	0	stop	off	1	1
0x0294	0	0	stop	off	1	1
0x0295	0	0	stop	off	1	1
0x0296	0	0	stop	off	1	1
0x0297	0	0	stop	off	1	1
0x0298	0	0	stop	off	1	1
0x0299	0	0	stop	off	1	1
0x029A	0	0	stop	off	1	1
0x029B	0	0	stop	off	1	1
0x029C	0	0	stop	off	1	1
0x029D	0	0	stop	off	1	1
0x029E	0	0	stop	off	1	1
0x029F	0	0	stop	off	1	1
0x02A0	0	0	stop	off	1	1
0x02A1	0	0	stop	off	1	1
0x02A2	0	0	stop	off	1	1
0x02A3	0	0	stop	off	1	1
0x02A4	0	0	stop	off	1	1
0x02A5	0	0	stop	off	1	1
0x02A6	0	0	stop	off	1	1
0x02A7	0	0	stop	off	1	1
0x02A8	0	0	stop	off	1	1
0x02A9	0	0	stop	off	1	1
0x02AA	0	0	stop	off	1	1
0x02AB	0	0	stop	off	1	1
0x02AC	0	0	stop	off	1	1
0x02AD	0	0	stop	off	1	1
0x02AE	0	0	stop	off	1	1
0x02AF	0	0	stop	off	1	1
0x02B0	0	0	stop	off	1	1
0x02B1	0	0	stop	off	1	1
0x02B2	0	0	stop	off	1	1
0x02B3	0	0	stop	off	1	1
0x02B4	0	0	stop	off	1	1
0x02B5	0	0	stop	off	1	1
0x02B6	0	0	stop	off	1	1
0x02B7	0	0	stop	off	1	1
0x02B8	0	0	stop	off	1	1
0x02B9	0	0	stop	off	1	1
0x02BA	0	0	stop	off	1	1
0x02BB	0	0	stop	off	1	1
0x02BC	0	0	stop	off	1	1
0x02BD	0	0	stop	off	1	1
0x02BE	0	0	stop	off	1	1
0x02BF	0	0	stop	off	1	1
0x02C0	0	0	stop	off	1	1
0x02C1	0	0	stop	off	1	1
0x02C2	0	0	stop	off	1	1
0x02C3	0	0	stop	off	1	1
0x02C4	0	0	stop	off	1	1
0x02C5	0	0	stop	off	1	1
0x02C6	0	0	stop	off	1	1
0x02C7	0	0	stop	off	1	1
0x02C8	0	0	stop	off	1	1
0x02C9	0	0	stop	off	1	1
0x02CA	0	0	stop	off	1	1
0x02CB	0	0	stop	off	1	1
0x02CC	0	0	stop	off	1	1
0x02CD	0	0	stop	off	1	1
0x02CE	0	0	stop	off	1	1
0x02CF	0	0	stop	off	1	1
0x02D0	0	0	stop	off	1	1
0x02D1	0	0	stop	off	1	1
0x02D2	0	0	stop	off	1	1
0x02D3	0	0	stop	off	1	1
0x02D4	0	0	stop	off	1	1
0x02D5	0	0	stop	off	1	1
0x02D6	0	0	stop	off	1	1
0x02D7	0	0	stop	off	1	1
0x02D8	0	0	stop	off	1	1
0x02D9	0	0	stop	off	1	1
0x02DA	0	0	stop	off	1	1
0x02DB	0	0	stop	off	1	1
0x02DC	0	0	stop	off	1	1
0x02DD	0	0	stop	off	1	1
0x02DE	0	0	stop	off	1	1
0x02DF	0	0	stop	off	1	1
0x02E0	0	0	stop	off	1	1
0x02E1	0	0	stop	off	1	1
0x02E2	0	0	stop	off	1	1
0x02E3	0	0	stop	off	1	1
0x02E4	0	0	stop	off	1	1
0x02E5	0	0	stop	off	1	1
0x02E6	0	0	stop	off	1	1
0x02E7	0	0	stop	off	1	1
0x02E8	0	0	stop	off	1	1
0x02E9	0	0	stop	off	1	1
0x02EA	0	0	stop	off	1	1
0x02EB	0	0	stop	off	1	1
0x02EC	0	0	stop	off	1	1
0x02ED	0	0	stop	off	1	1
0x02EE	0	0	stop	off	1	1
0x02EF	0	0	stop	off	1	1
0x02F0	0	0	stop	off	1	1
0x02F1	0	0	stop	off	1	1
0x02F2	0	0	stop	off	1	1
0x02F3	0	0	stop	off	1	1
0x02F4	0	0	stop	off	1	1
0x02F5	0	0	stop	off	1	1
0x02F6	0	0	stop	off	1	1
0x02F7	0	0	stop	off	1	1
0x02F8	0	0	stop	off	1	1
0x02F9	0	0	stop	off	1	1
0x02FA	0	0	stop	off	1	1
0x02FB	0	0	stop	off	1	1
0x02FC	0	0	stop	off	1	1
0x02FD	0	0	stop	off	1	1
0x02FE	0	0	stop	off	1	1
0x02FF	0	0	stop	off	1	1
0x0300	0	0	stop	off	1	1
0x0301	0	0	stop	off	1	1
0x0302	0	0	stop	off	1	1
0x0303	0	0	stop	off	1	1
0x0304	0	0	stop	off	1	1
0x0305	0	0	stop	off	1	1
0x0306	0	0	stop	off	1	1
0x0307	0	0	stop	off	1	1
0x0308	0	0	stop	off	1	1
0x0309	0	0	stop	off	1	1
0x030A	0	0	stop	off	1	1
0x030B	0	0	stop	off	1	1
0x030C	0	0	stop	off	1	1
0x030D	0	0	stop	off	1	1
0x030E	0	0	stop	off	1	1
0x030F	0	0	stop	off	1	1
0x0310	0	0	stop	off	1	1
0x0311	0	0	stop	off	1	1
0x0312	0	0	stop	off	1	1
0x0313	0	0	stop	off	1	1
0x0314	0	0	stop	off	1	1
0x0315	0	0	stop	off	1	1
0x0316	0	0	stop	off	1	1
0x0317	0	0	stop	off	1	1
0x0318	0	0	stop	off	1	1
0x0319	0	0	stop	off	1	1
0x031A	0	0	stop	off	1	1
0x031B	0	0	stop	off	1	1
0x031C	0	0	stop	off	1	1
0x031D	0	0	stop	off	1	1
0x031E	0	0	stop	off	1	1
0x031F	0	0	stop	off	1	1
0x0320	0	0	stop	off	1	1
0x0321	0	0	stop	off	1	1
0x0322	0	0	stop	off	1	1
0x0323	0	0	stop	off	1	1
0x0324	0	0	stop	off	1	1
0x0325	0	0	stop	off	1	1
0x0326	0	0	stop	off	1	1
0x0327	0	0	stop	off	1	1
0x0328	0	0	stop	off	1	1
0x0329	0	0	stop	off	1	1
0x032A	0	0	stop	off	1	1
0x032B	0	0	stop	off	1	1
0x032C	0	0	stop	off	1	1
0x032D	0	0	stop	off	1	1
0x032E	0	0	stop	off	1	1
0x032F	0	0	stop	off	1	1
0x0330	0	0	stop	off	1	1
0x0331	0	0	stop	off	1	1
0x0332	0	0	stop	off	1	1
0x0333	0	0	stop	off	1	1
0x0334	0	0	stop	off	1	1
0x0335	0	0	stop	off	1	1
0x0336	0	0	stop	off	1	1
0x0337	0	0	stop	off	1	1
0x0338	0	0	stop	off	1	1
0x0339	0	0	stop	off	1	1
0x033A	0	0	stop	off	1	1
0x033B	0	0	stop	off	1	1
0x033C	0	0	stop	off	1	1
0x033D	0	0	stop	off	1	1
0x033E	0	0	stop	off	1	1
0x033F	0	0	stop	off	1	1
0x0340	0	0	stop	off	1	1
0x0341	0	0	stop	off	1	1
0x0342	0	0	stop	off	1	1
0x0343	0	0	stop	off	1	1
0x0344	0	0	stop	off	1	1
0x0345	0	0	stop	off	1	1
0x0346	0	0	stop	off	1	1
0x0347	0	0	stop	off	1	1
0x0348	0	0	stop	off	1	1
0x0349	0	0	stop	off	1	1
0x034A	0	0	stop	off	1	1
0x034B	0	0	stop	off	1	1
0x034C	0	0	stop	off	1	1
0x034D	0	0	stop	off	1	1
0x034E	0	0	stop	off	1	1
0x034F	0	0	stop	off	1	1
0x0350	0	0	stop	off	1	1
0x0351	0	0	stop	off	1	1
0x0352	0	0	stop	off	1	1
0x0353	0	0	stop	off	1	1
0x0354	0	0	stop	off	1	1
0x0355	0	0	stop	off	1	1
0x0356	0	0	stop	off	1	1
0x0357	0	0	stop	off	1	1
0x0358	0	0	stop	off	1	1
0x0359	0	0	stop	off	1	1
0x035A	0	0	stop	off	1	1
0x035B	0	0	stop	off	1	1
0x035C	0	0	stop	off	1	1
0x035D	0	0	stop	off	1	1
0x035E	0	0	stop	off	1	1
0x035F	0	0	stop	off	1	1
0x0360	0	0	stop	off	1	1
0x0361	0	0	stop	off	1	1
0x0362	0	0	stop	off	1	1
0x0363	0	0	stop	off	1	1
0x0364	0	0	stop	off	1	1
0x0365	0	0	stop	off	1	1
0x0366	0	0	stop	off	1	1
0x0367	0	0	stop	off	1	1
0x0368	0	0	stop	off	1	1
0x0369	0	0	stop	off	1	1
0x036A	0	0	stop	off	1	1
0x036B	0	0	stop	off	1	1
0x036C	0	0	stop	off	1	1
0x036D	0	0	stop	off	1	1
0x036E	0	0	stop	off	1	1
0x036F	0	0	stop	off	1	1
0x0370	0	0	stop	off	1	1
0x0371	0	0	stop	off	1	1
0x0372	0	0	stop	off	1	1
0x0373	0	0	stop	off	1	1
0x0374	0	0	stop	off	1	1
0x0375	0	0	stop	off	1	1
0x0376	0	0	stop	off	1	1
0x0377	0	0	stop	off	1	1
0x0378	0	0	stop	off	1	1
0x0379	0	0	stop	off	1	1
0x037A	0	0	stop	off	1	1
0x037B	0	0	stop	off	1	1
0x037C	0	0	stop	off	1	1
0x037D	0	0	stop	off	1	1
0x037E	0	0	stop	off	1	1
0x037F	0	0	stop	off	1	1
0x0380	0	0	stop	off	1	1
0x0381	0	0	stop	off	1	1
0x0382	0	0	stop	off	1	1
0x0383	0	0	stop	off	1	1
0x0384	0	0	stop	off	1	1
0x0385	0	0	stop	off	1	1
0x0386	0	0	stop	off	1	1
0x0387	0	0	stop	off	1	1
0x0388	0	0	stop	off	1	1
0x0389	0	0	stop	off	1	1
0x038A	0	0	stop	off	1	1
0x038B	0	0	stop	off	1	1
0x038C	0	0	stop	off	1	1
0x038D	0	0	stop	off	1	1
0x038E	0	0	stop	off	1	1
0x038F	0	0	stop	off	1	1
0x0390	0	0	stop	off	1	1
0x0391	0	0	stop	off	1	1
0x0392	0	0	stop	off	1	1
0x0393	0	0	stop	off	1	1
0x0394	0	0	stop	off	1	1
0x0395	0	0	stop	off	1	1
0x0396	0	0	stop	off	1	1
0x0397	0	0	stop	off	1	1
0x0398	0	0	stop	off	1	1
0x0399	0	0	stop	off	1	1
0x039A	0	0	stop	off	1	1
0x039B	0	0	stop	off	1	1
0x039C	0	0	stop	off	1	1
0x039D	0	0	stop	off	1	1
0x039E	0	0	stop	off	1	1
0x039F	0	0	stop	off	1	1
0x03A0	0	0	stop	off	1	1
0x03A1	0	0	stop	off	1	1
0x03A2	0	0	stop	off	1	1
0x03A3	0	0	stop	off	1	1
0x03A4	0	0	stop	off	1	1
0x03A5	0	0	stop	off	1	1
0x03A6	0	0	stop	off	1	1
0x03A7	0	0	stop	off	1	1
0x03A8	0	0	stop	off	1	1
0x03A9	0	0	stop	off	1	1
0x03AA	0	0	stop	off	1	1
0x03AB	0	0	stop	off	1	1
0x03AC	0	0	stop	off	1	1
0x03AD	0	0	stop	off	1	1
0x03AE	0	0	stop	off	1	1
0x03AF	0	0	stop	off	1	1
0x03B0	0	0	stop	off	1	1
0x03B1	0	0	stop	off	1	1
0x03B2	0	0	stop	off	1	1
0x03B3	0	0	stop	off	1	1
0x03B4	0	0	stop	off	1	1
0x03B5	0	0	stop	off	1	1
0x03B6	0	0	stop	off	1	1
0x03B7	0	0	stop	off	1	1
0x03B8	0	0	stop	off	1	1
0x03B9	0	0	stop	off	1	1
0x03BA	0	0	stop	off	1	1
0x03BB	0	0	stop	off	1	1
0x03BC	0	0	stop	off	1	1
0x03BD	0	0	stop	off	1	1
0x03BE	0	0	stop	off	1	1
0x03BF	0	0	stop	off	1	1
0x03C0	0	0	stop	off	1	1
0x03C1	0	0	stop	off	1	1
0x03C2	0	0	stop	off	1	1
0x03C3	0	0	stop	off	1	1
0x03C4	0	0	stop	off	1	1
0x03C5	0	0	stop	off	1	1
0x03C6	0	0	stop	off	1	1
0x03C7	0	0	stop	off	1	1
0x03C8	0	0	stop	off	1	1
0x03C9	0	0	stop	off	1	1
0x03CA	0	0	stop	off	1	1
0x03CB	0	0	stop	off	1	1
0x03CC	0	0	stop	off	1	1
0x03CD	0	0	stop	off	1	1
0x03CE	0	0	stop	off	1	1
0x03CF	0	0	stop	off	1	1
0x03D0	0	0	stop	off	1	1
0x03D1	0	0	stop	off	1	1
0x03D2	0	0	stop	off	1	1
0x03D3	0	0	stop	off	1	1
0x03D4	0	0	stop	off	1	1
0x03D5	0	0	stop	off	1	1
0x03D6	0	0	stop	off	1	1
0x03D7	0	0	stop	off	1	1
0x03D8	0	0	stop	off	1	1
0x03D9	0	0	stop	off	1	1
0x03DA	0	0	stop	off	1	1
0x03DB	0	0	stop	off	1	1
0x03DC	0	0	stop	off	1	1
0x03DD	0	0	stop	off	1	1
0x03DE	0	0	stop	off	1	1
0x03DF	0	0	stop	off	1	1
0x03E0	0	0	stop	off	1	1
0x03E1	0	0	stop	off	1	1
0x03E2	0	0	stop	off	1	1
0x03E3	0	0	stop	off	1	1
0x03E4	0	0	stop	off	1	1
0x03E5	0	0	stop	off	1	1
0x03E6	0	0	stop	off	1	1
0x03E7	0	0	stop	off	1	1
0x03E8	0	0	stop	off	1	1
0x03E9	0	0	stop	off	1	1
0x03EA	0	0	stop	off	1	1
0x03EB	0	0	stop	off	1	1
0x03EC	0	0	stop	off	1	1
0x03ED	0	0	stop	off	1	1
0x03EE	0	0	stop	off	1	1
0x03EF	0	0	stop	off	1	1
0x03F0	0	0	stop	off	1	1
0x03F1	0	0	stop	off	1	1
0x03F2	0	0	stop	off	1	1
0x03F3	0	0	stop	off	1	1
0x03F4	0	0	stop	off	1	1
0x03F5	0	0	stop	off	1	1
0x03F6	0	0	stop	off	1	1
0x03F7	0	0	stop	off	1	1
0x03F8	0	0	stop	off	1	1
0x03F9	0	0	stop	off	1	1
0x03FA	0	0	stop	off	1	1
0x03FB	0	0	stop	off	1	1
0x03FC	0	0	stop	off	1	1
0x03FD	0	0	stop	off	1	1
0x03FE	0	0	stop	off	1	1
0x03FF	0	0	stop	off	1	1
0x0400	0	0	stop	off	1	1
0x0401	0	0	stop	off	1	1
0x0402	0	0	stop	off	1	1
0x0403	0	0	stop	off	1	1
0x0404	0	0	stop	off	1	1
0x0405	0	0	stop	off	1	1
0x0406	0	0	stop	off	1	1
0x0407	0	0	stop	off	1	1
0x0408	0	0	stop	off	1	1
0x0409	0	0	stop	off	1	1
0x040A	0	0	stop	off	1	1
0x040B	0	0	stop	off	1	1
0x040C	0	0	stop	off	1	1
0x040D	0	0	stop	off	1	1
0x040E	0	0	stop	off	1	1
0x040F	0	0	stop	off	1	1
0x0410	0	0	stop	off	1	1
0x0411	0	0	stop	off	1	1
0x0412	0	0	stop	off	1	1
0x0413	0	0	stop	off	1	1
0x0414	0	0	stop	off	1	1
0x0415	0	0	stop	off	1	1
0x0416	0	0	stop	off	1	1
0x0417	0	0	stop	off	1	1
0x0418	0	0	stop	off	1	1
0x0419	0	0	stop	off	1	1
0x041A	0	0	stop	off	1	1
0x041B	0	0	stop	off	1	1
0x041C	0	0	stop	off	1	1
0x041D	0	0	stop	off	1	1
0x041E	0	0	stop	off	1	1
0x041F	0	0	stop	off	1	1
0x0420	0	0	stop	off	1	1
0x0421	0	0	stop	off	1	1
0x0422	0	0	stop	off	1	1
0x0423	0	0	stop	off	1	1
0x0424	0	0	stop	off	1	1
0x0425	0	0	stop	off	1	1
0x0426	0	0	stop	off	1	1
0x0427	0	0	stop	off	1	1
0x0428	0	0	stop	off	1	1
0x0429	0	0	stop	off	1	1
0x042A	0	0	stop	off	1	1
0x042B	0	0	stop	off	1	1
0x042C	0	0	stop	off	1	1
0x042D	0	0	stop	off	1	1
0x042E	0	0	stop	off	1	1
0x042F	0	0	stop	off	1	1
0x0430	0	0	stop	off	1	1
0x0431	0	0	stop	off	1	1
0x0432	0	0	stop	off	1	1
0x0433	0	0	stop	off	1	1
0x0434	0	0	stop	off	1	1
0x0435	0	0	stop	off	1	1
0x0436	0	0	stop	off	1	1
0x0437	0	0	stop	off	1	1
0x0438	0	0	stop	off	1	1
0x0439	0	0	stop	off	1	1
0x043A	0	0	stop	off	1	1
0x043B	0	0	stop	off	1	1
0x043C	0	0	stop	off	1	1
0x043D	0	0	stop	off	1	1
0x043E	0	0	stop	off	1	1
0x043F	0	0	stop	off	1	1
0x0440	0	0	stop	off	1	1
0x0441	0	0	stop	off	1	1
0x0442	0	0	stop	off	1	1
0x0443	0	0	stop	off	1	1
0x0444	0	0	stop	off	1	1
0x0445	0	0	stop	off	1	1
0x0446	0	0	stop	off	1	1
0x0447	0	0	stop	off	1	1
0x0448	0	0	stop	off	1	1
0x0449	0	0	stop	off	1	1
0x044A	0	0	stop	off	1	1
0x044B	0	0	stop	off	1	1
0x044C	0	0	stop	off	1	1
0x044D	0	0	stop	off	1	1
0x044E	0	0	stop	off	1	1
0x044F	0	0	stop	off	1	1
0x0450	0	0	stop	off	1	1
0x0451	0	0	stop	off	1	1
0x0452	0	0	stop	off	1	1
0x0453	0	0	stop	off	1	1
0x0454	0	0	stop	off	1	1
0x0455	0	0	stop	off	1	1
0x0456	0	0	stop	off	1	1
0x0457	0	0	stop	off	1	1
0x0458	0	0	stop	off	1	1
0x0459	0	0	stop	off	1	1
0x045A	0	0	stop	off	1	1
0x045B	0	0	stop	off	1	1
0x045C	0	0	stop	off	1	1
0x045D	0	0	stop	off	1	1
0x045E	0	0	stop	off	1	1
0x045F	0	0	stop	off	1	1
0x0460	0	0	stop	off	1	1
0x0461	0	0	stop	off	1	1
0x0462	0	0	stop	off	1	1
0x0463	0	0	stop	off	1	1
0x0464	0	0	stop	off	1	1
0x0465	0	0	stop	off	1	1
0x0466	0	0	stop	off	1	1
0x0467	0	0	stop	off	1	1
0x0468	0	0	stop	off	1	1
0x0469	0	0	stop	off	1	1
0x046A	0	0	stop	off	1	1
0x046B	0	0	stop	off	1	1
0x046C	0	0	stop	off	1	1
0x046D	0	0	stop	off	1	1
0x046E	0	0	stop	off	1	1
0x046F	0	0	stop	off	1	1
0x0470	0	0	stop	off	1	1
0x0471	0	0	stop	off	1	1
0x0472	0	0	stop	off	1	1
0x0473	0	0	stop	off	1	1
0x0474	0	0	stop	off	1	1
0x0475	0	0	stop	off	1	1
0x0476	0	0	stop	off	1	1
0x0477	0	0	stop	off	1	1
0x0478	0	0	stop	off	1	1
0x0479	0	0	stop	off	1	1
0x047A	0	0	stop	off	1	1
0x047B	0	0	stop	off	1	1
0x047C	0	0	stop	off	1	1
0x047D	0	0	stop	off	1	1
0x047E	0	0	stop	off	1	1
0x047F	0	0	stop	off	1	1
0x0480	0	0	stop	off	1	1
0x0481	0	0	stop	off	1	1
0x0482	0	0	stop	off	1	1
0x0483	0	0	stop	off	1	1
0x0484	0	0	stop	off	1	1
0x0485	0	0	stop	off	1	1
0x0486	0	0	stop	off	1	1
0x0487	0	0	stop	off	1	1
0x0488	0	0	stop	off	1	1
0x0489	0	0	stop	off	1	1
0x048A	0	0	stop	off	1	1
0x048B	0	0	stop	off	1	1
0x048C	0	0	stop	off	1	1
0x048D	0	0	stop	off	1	1
0x048E	0	0	stop	off	1	1
0x048F	0	0	stop	off	1	1
0x0490	0	0	stop	off	1	1
0x0491	0	0	stop	off	1	1
0x0492	0	0	stop	off	1	1
0x0493	0	0	stop	off	1	1
0x0494	0	0	stop	off	1	1
0x0495	0	0	stop	off	1	1
0x0496	0	0	stop	off	1	1
0x0497	0	0	stop	off	1	1
0x0498	0	0	stop	off	1	1
0x0499	0	0	stop	off	1	1
0x049A	0	0	stop	off	1	1
0x049B	0	0	stop	off	1	1
0x049C	0	0	stop	off	1	1
0x049D	0	0	stop	off	1	1
0x049E	0	0	stop	off	1	1
0x049F	0	0	stop	off	1	1
0x04A0	0	0	stop	off	1	1
0x04A1	0	0	stop	off	1	1
0x04A2	0	0	stop	off	1	1
0x04A3	0	0	stop	off	1	1
0x04A4	0	0	stop	off	1	1
0x04A5	0	0	stop	off	1	1
0x04A6	0	0	stop	off	1	1
0x04A7	0	0	stop	off	1	1
0x04A8	0	0	stop	off	1	1
0x04A9	0	0	stop	off	1	1
0x04AA	0	0	stop	off	1	1
0x04AB	0	0	stop	off	1	1
0x04AC	0	0	stop	off	1	1
0x04AD	0	0	stop	off	1	1
0x04AE	0	0	stop	off	1	1
0x04AF	0	0	stop	off	1	1
0x04B0	0	0	stop	off	1	1
0x04B1	0	0	stop	off	1	1
0x04B2	0	0	stop	off	1	1
0x04B3	0	0	stop	off	1	1
0x04B4	0	0	stop	off	1	1
0x04B5	0	0	stop	off	1	1
0x04B6	0	0	stop	off	1	1
0x04B7	0	0	stop	off	1	1
0x04B8	0	0	stop	off	1	1
0x04B9	0	0	stop	off	1	1
0x04BA	0	0	stop	off	1	1
0x04BB	0	0	stop	off	1	1
0x04BC	0	0	stop	off	1	1
0x04BD	0	0	stop	off	1	1
0x04BE	0	0	stop	off	1	1
0x04BF	0	0	stop	off	1	1
0x04C0	0	0	stop	off	1	1
0x04C1	0	0	stop	off	1	1
0x04C2	0	0	stop	off	1	1
0x04C3	0	0	stop	off	1	1
0x04C4	0	0	stop	off	1	1
0x04C5	0	0	stop	off	1	1
0x04C6	0	0	stop	off	1	1
0x04C7	0	0	stop	off	1	1
0x04C8	0	0	stop	off	1	1
0x04C9	0	0	stop	off	1	1
0x04CA	0	0	stop	off	1	1
0x04CB	0	0	stop	off	1	1
0x04CC	0	0	stop	off	1	1
0x04CD	0	0	stop	off	1	1
0x04CE	0	0	stop	off	1	1
0x04CF	0	0	stop	off	1	1
0x04D0	0	0	stop	off	1	1
0x04D1	0	0	stop	off	1	1
0x04D2	0	0	stop	off	1	1
0x04D3	0	0	stop	off	1	1
0x04D4	0	0	stop	off	1	1
0x04D5	0	0	stop	off	1	1
0x04D6	0	0	stop	off	1	1
0x04D7	0	0	stop	off	1	1
0x04D8	0	0	stop	off	1	1
0x04D9	0	0	stop	off	1	1
0x04DA	0	0	stop	off	1	1
0x04DB	0	0	stop	off	1	1
0x04DC	0	0	stop	off	1	1
0x04DD	0	0	stop	off	1	1
0x04DE	0	0	stop	off	1	1
0x04DF	0	0	stop	off	1	1
0x04E0	0	0	stop	off	1	1
0x04E1	0	0	stop	off	1	1
0x04E2	0	0	stop	off	1	1
0x04E3	0	0	stop	off	1	1
0x04E4	0	0	stop	off	1	1
0x04E5	0	0	stop	off	1	1
0x04E6	0	0	stop	off	1	1
0x04E7	0	0	stop	off	1	1
0x04E8	0	0	stop	off	1	1
0x04E9	0	0	stop	off	1	1
0x04EA	0	0	stop	off	1	1
0x04EB	0	0	stop	off	1	1
0x04EC	0	0	stop	off	1	1
0x04ED	0	0	stop	off	1	1
0x04EE	0	0	stop	off	1	1
0x04EF	0	0	stop	off	1	1
0x04F0	0	0	stop	off	1	1
0x04F1	0	0	stop	off	1	1
0x04F2	0	0	stop	off	1	1
0x04F3	0	0	stop	off	1	1
0x04F4	0	0	stop	off	1	1
0x04F5	0	0	stop	off	1	1
0x04F6	0	0	stop	off	1	1
0x04F7	0	0	stop	off	1	1
0x04F8	0	0	stop	off	1	1
0x04F9	0	0	stop	off	1	1
0x04FA	0	0	stop	off	1	1
0x04FB	0	0	stop	off	1	1
0x04FC	0	0	stop	off	1	1
0x04FD	0	0	stop	off	1	1
0x04FE	0	0	stop	off	1	1
0x04FF	0	0	stop	off	1	1
0x0500	0	0	stop	off	1	1
0x0501	0	0	stop	off	1	1
0x0502	0	0	stop	off	1	1
0x0503	0	0	stop	off	1	1
0x0504	0	0	stop	off	1	1
0x0505	0	0	stop	off	1	1
0x0506	0	0	stop	off	1	1
0x0507	0	0	stop	off	1	1
0x0508	0	0	stop	off	1	1
0x0509	0	0	stop	off	1	1
0x050A	0	0	stop	off	1	1
0x050B	0	0	stop	off	1	1
0x050C	0	0	stop	off	1	1
0x050D	0	0	stop	off	1	1
0x050E	0	0	stop	off	1	1
0x050F	0	0	stop	off	1	1
0x0510	0	0	stop	off	1	1
0x0511	0	0	stop	off	1	1
0x0512	0	0	stop	off	1	1
0x0513	0	0	stop	off	1	1
0x0514	0	0	stop	off	1	1
0x0515	0	0	stop	off	1	1
0x0516	0	0	stop	off	1	1
0x0517	0	0	stop	off	1	1
0x0518	0	0	stop	off	1	1
0x0519	0	0	stop	off	1	1
0x051A	0	0	stop	off	1	1
0x051B	0	0	stop	off	1	1
0x051C	0	0	stop	off	1	1
0x051D	0	0	stop	off	1	1
0x051E	0	0	stop	off	1	1
0x051F	0	0	stop	off	1	1
0x0520	0	0	stop	off	1	1
0x0521	0	0	stop	off	1	1
0x0522	0	0	stop	off	1	1
0x0523	0	0	stop	off	1	1
0x0524	0	0	stop	off	1	1
0x0525	0	0	stop	off	1	1
0x0526	0	0	stop	off	1	1
0x0527	0	0	stop	off	1	1
0x0528	0	0	stop	off	1	1
0x0529	0	0	stop	off	1	1
0x052A	0	0	stop	off	1	1
0x052B	0	0	stop	off	1	1
0x052C	0	0	stop	off	1	1
0x052D	0	0	stop	off	1	1
0x052E	0	0	stop	off	1	1
0x052F	0	0	stop	off	1	1
0x0530	0	0	stop	off	1	1
0x0531	0	0	stop	off	1	1
0x0532	0	0	stop	off	1	1
0x0533	0	0	stop	off	1	1
0x0534	0	0	stop	off	1	1
0x0535	0	0	stop	off	1	1
0x0536	0	0	stop	off	1	1
0x0537	0	0	stop	off	1	1
0x0538	0	0	stop	off	1	1
0x0539	0	0	stop	off	1	1
0x053A	0	0	stop	off	1	1
0x053B	0	0	stop	off	1	1
0x053C	0	0	stop	off	1	1
0x053D	0	0	stop	off	1	1
0x053E	0	0	stop	off	1	1
0x053F	0	0	stop	off	1	1
0x0540	0	0	stop	off	1	1
0x0541	0	0	stop	off	1	1
0x0542	0	0	stop	off	1	1
0x0543	0	0	stop	off	1	1
0x0544	0	0	stop	off	1	1
0x0545	0	0	stop	off	1	1
0x0546	0	0	stop	off	1	1
0x0547	0	0	stop	off	1	1
0x0548	0	0	stop	off	1	1
0x0549	0	0	stop	off	1	1
0x054A	0	0	stop	off	1	1
0x054B	0	0	stop	off	1	1
0x054C	0	0	stop	off	1	1
0x054D	0	0	stop	off	1	1
0x054E	0	0	stop	off	1	1
0x054F	0	0	stop	off	1	1
0x0550	0	0	stop	off	1	1
0x0551	0	0	stop	off	1	1
0x0552	0	0	stop	off	1	1
0x0553	0	0	stop	off	1	1
0x0554	0	0	stop	off	1	1
0x0555	0	0	stop	off	1	1
0x0556	0	0	stop	off	1	1
0x0557	0	0	stop	off	1	1
0x0558	0	0	stop	off	1	1
0x0559	0	0	stop	off	1	1
0x055A	0	0	stop	off	1	1
0x055B	0	0	stop	off	1	1
0x055C	0	0	stop	off	1	1
0x055D	0	0	stop	off	1	1
0x055E	0	0	stop	off	1	1
0x055F	0	0	stop	off	1	1
0x0560	0	0	stop	off	1	1
0x0561	0	0	stop	off	1	1
0x0562	0	0	stop	off	1	1
0x0563	0	0	stop	off	1	1
0x0564	0	0	stop	off	1	1
0x0565	0	0	stop	off	1	1
0x0566	0	0	stop	off	1	1
0x0567	0	0	stop	off	1	1
0x0568	0	0	stop	off	1	1
0x0569	0	0	stop	off	1	1
0x056A	0	0	stop	off	1	1
0x056B	0	0	stop	off	1	1
0x056C	0	0	stop	off	1	1
0x056D	0	0	stop	off	1	1
0x056E	0	0	stop	off	1	1
0x056F	0	0	stop	off	1	1
0x0570	0	0	stop	off	1	1
0x0571	0	0	stop	off	1	1
0x0572	0	0	stop	off	1	1
0x0573	0	0	stop	off	1	1
0x0574	0	0	stop	off	1	1
0x0575	0	0	stop	off	1	1
0x0576	0	0	stop	off	1	1
0x0577	0	0	stop	off	1	1
0x0578	0	0	stop	off	1	1
0x0579	0	0	stop	off	1	1
0x057A	0	0	stop	off	1	1
0x057B	0	0	stop	off	1	1
0x057C	0	0	stop	off	1	1
0x057D	0	0	stop	off	1	1
0x057E	0	0	stop	off	1	1
0x057F	0	0	stop	off	1	1
0x0580	0	0	stop	off	1	1
0x0581	0	0	stop	off	1	1
0x0582	0	0	stop	off	1	1
0x0583	0	0	stop	off	1	1
0x0584	0	0	stop	off	1	1
0x0585	0	0	stop	off	1	1
0x0586	0	0	stop	off	1	1
0x0587	0	0	stop	off	1	1
0x0588	0	0	stop	off	1	1
0x0589	0	0	stop	off	1	1
0x058A	0	0	stop	off	1	1
0x058B	0	0	stop	off	1	1
0x058C	0	0	stop	off	1	1
0x058D	0	0	stop	off	1	1
0x058E	0	0	stop	off	1	1
0x058F	0	0	stop	off	1	1
0x0590	0	0	stop	off	1	1
0x0591	0	0	stop	off	1	1
0x0592	0	0	stop	off	1	1
0x0593	0	0	stop	off	1	1
0x0594	0	0	stop	off	1	1
0x0595	0	0	stop	off	1	1
0x0596	0	0	stop	off	1	1
0x0597	0	0	stop	off	1	1
0x0598	0	0	stop	off	1	1
0x0599	0	0	stop	off	1	1
0x059A	0	0	stop	off	1	1
0x059B	0	0	stop	off	1	1
0x059C	0	0	stop	off	1	1
0x059D	0	0	stop	off	1	1
0x059E	0	0	stop	off	1	1
0x059F	0	0	stop	off	1	1
0x05A0	0	0	stop	off	1	1
0x05A1	0	0	stop	off	1	1
0x05A2	0	0	stop	off	1	1
0x05A3	0	0	stop	off	1	1
0x05A4	0	0	stop	off	1	1
0x05A5	0	0	stop	off	1	1
0x05A6	0	0	stop	off	1	1
0x05A7	0	0	stop	off	1	1
0x05A8	0	0	stop	off	1	1
0x05A9	0	0	stop	off	1	1
0x05AA	0	0	stop	off	1	1
0x05AB	0	0	stop	off	1	1
0x05AC	0	0	stop	off	1	1
0x05AD	0	0	stop	off	1	1
0x05AE	0	0	stop	off	1	1
0x05AF	0	0	stop	off	1	1
0x05B0	0	0	stop	off	1	1
0x05B1	0	0	stop	off	1	1
0x05B2	0	0	stop	off	1	1
0x05B3	0	0	stop	off	1	1
0x05B4	0	0	stop	off	1	1
0x05B5	0	0	stop	off	1	1
0x05B6	0	0	stop	off	1	1
0x05B7	0	0	stop	off	1	1
0x05B8	0	0	stop	off	1	1
0x05B9	0	0	stop	off	1	1
0x05BA	0	0	stop	off	1	1
0x05BB	0	0	stop	off	1	1
0x05BC	0	0	stop	off	1	1
0x05BD	0	0	stop	off	1	1
0x05BE	0	0	stop	off	1	1
0x05BF	0	0	stop	off	1	1
0x05C0	0	0	stop	off	1	1
0x05C1	0	0	stop	off	1	1
0x05C2	0	0	stop	off	1	1
0x05C3	0	0	stop	off	1	1
0x05C4	0	0	stop	off	1	1
0x05C5	0	0	stop	off	1	1
0x05C6	0	0	stop	off	1	1
0x05C7	0	0	stop	off	1	1
0x05C8	0	0	stop	off	1	1
0x05C9	0	0	stop	off	1	1
0x05CA	0	0	stop	off	1	1
0x05CB	0	0	stop	off	1	1
0x05CC	0	0	stop	off	1	1
0x05CD	0	0	stop	off	1	1
0x05CE	0	0	stop	off	1	1
0x05CF	0	0	stop	off	1	1
0x05D0	0	0	stop	off	1	1
0x05D1	0	0	stop	off	1	1
0x05D2	0	0	stop	off	1	1
0x05D3	0	0	stop	off	1	1
0x05D4	0	0	stop	off	1	1
0x05D5	0	0	stop	off	1	1
0x05D6	0	0	stop	off	1	1
0x05D7	0	0	stop	off	1	1
0x05D8	0	0	stop	off	1	1
0x05D9	0	0	stop	off	1	1
0x05DA	0	0	stop	off	1	1
0x05DB	0	0	stop	off	1	1
0x05DC	0	0	stop	off	1	1
0x05DD	0	0	stop	off	1	1
0x05DE	0	0	stop	off	1	1
0x05DF	0	0	stop	off	1	1
0x05E0	0	0	stop	off	1	1
0x05E1	0	0	stop	off	1	1
0x05E2	0	0	stop	off	1	1
0x05E3	0	0	stop	off	1	1
0x05E4	0	0	stop	off	1	1
0x05E5	0	0	stop	off	1	1
0x05E6	0	0	stop	off	1	1
0x05E7	0	0	stop	off	1	1
0x05E8	0	0	stop	off	1	1
0x05E9	0	0	stop	off	1	1
0x05EA	0	0	stop	off	1	1
0x05EB	0	0	stop	off	1	1
0x05EC	0	0	stop	off	1	1
0x05ED	0	0	stop	off	1	1
0x05EE	0	0	stop	off	1	1
0x05EF	0	0	stop	off	1	1
0x05F0	0	0	stop	off	1	1
0x05F1	0	0	stop	off	1	1
0x05F2	0	0	stop	off	1	1
0x05F3	0	0	stop	off	1	1
0x05F4	0	0	stop	off	1	1
0x05F5	0	0	stop	off	1	1
0x05F6	0	0	stop	off	1	1
0x05F7	0	0	stop	off	1	1
0x05F8	0	0	stop	off	1	1
0x05F9	0	0	stop	off	1	1
0x05FA	0	0	stop	off	1	1
0x05FB	0	0	stop	off	1	1
0x05FC	0	0	stop	off	1	1
0x05FD	0	0	stop	off	1	1
0x05FE	0	0	stop	off	1	1
0x05FF	0	0	stop	off	1	1
0x0600	0	0	stop	off	1	1
0x0601	0	0	stop	off	1	1
0x0602	0	0	stop	off	1	1
0x0603	0	0	stop	off	1	1
0x0604	0	0	stop	off	1	1
0x0605	0	0	stop	off	1	1
0x0606	0	0	stop	off	1	1
0x0607	0	0	stop	off	1	1
0x0608	0	0	stop	off	1	1
0x0609	0	0	stop	off	1	1
0x060A	0	0	stop	off	1	1
0x060B	0	0	stop	off	1	1
0x060C	0	0	stop	off	1	1
0x060D	0	0	stop	off	1	1
0x060E	0	0	stop	off	1	1
0x060F	0	0	stop	off	1	1
0x0610	0	0	stop	off	1	1
0x0611	0	0	stop	off	1	1
0x0612	0	0	stop	off	1	1
0x0613	0	0	stop	off	1	1
